_yeetmeister_,6ab2ea7f-4a83-4836-8c10-a31e0ab57d96
aesthetic,46aa759d-01db-4f1f-a1ea-89231a98b9f7
pixeledtrip,81c50fc6-c70b-4812-8633-fa1d72f6c8da
remzak,e100491c-027e-4c51-bc2e-35bc921196aa
gman10777,5fa95c5a-ec88-4248-ab87-f1564070d079
majorcacner,5f975633-c447-4aa2-9eb0-e14558533f54
ice_man_913,3b890648-a0f0-45ce-beee-ad22d75d36a1
callmeeconomy,c241c437-2c68-4156-a5d2-c66557b14cae
verzion,f7d0c52a-f9cd-49f4-9f21-16e988fdf4fc
durable2,0edd3dc0-d2e0-4d6e-a0b6-912ed47d7375
bricker1462,42ecd8b0-31d5-4f38-b27e-0e240d24c04b
k_the_gamer1,8525f503-0759-44fd-8ade-6d00fa6736a3
heiniken,4e8b8bee-2bc3-4bdc-b71d-a872d0bc8bfb
himinu,cf3d5f16-6f38-415c-a492-4899b05a1df0
whiterabbitwolf,34b84dcf-5624-4f44-a7b0-f0942209b853
jon_gat,ce5a5e54-f54e-4e21-aa86-afafb95ea823
bl4zeboy,23cc8e41-c5b7-4809-af1d-c0aa41ca84ed
zonelesi,36219680-694d-4d92-9651-463426e4516a
lostdesire,b3dc98fa-5837-4ca7-a438-daacecd352ab
grassplant,4c0ebe29-aa61-4a45-8ed8-9771e839fcbf
gustavdrengen,bcf3759c-857b-47b7-9509-12214374d596
murderbot96,3e0263a6-4d2b-45bb-876a-1c883254f0f5
mathwarrior_,0d58f9f9-d72a-4490-ba72-4299aa5170a0
ttvxtrevz,91d9631d-696e-4e7e-a1f8-2c77d2d4238a
blaz3girl,b834125f-cd5e-4470-8e9f-8a75ce53df15
tescogaming,3f433a2e-d9eb-449a-b0a1-105ddea4d0b2
simbaaa,6956f37e-a1c2-4941-8d80-445b07485f08
pixelpile19,645b5b7a-fe2f-4fec-965c-368c18e1c872
keikoyurino,72dea27b-8cbe-4e4f-a559-870c21e5702a
sonnyb123,5af1b8e9-f349-48e0-aae4-7bce0f3ee663
zdog2010,25cdb6a2-a4fd-4724-af33-0649f8cde30c
4730,4e38a10d-48d7-41be-b63e-e6be0e1eec24
danny_wieder_da,0c50c73a-fad8-449e-ad41-90c604142037
hellscapes,1fa33b20-9c3c-4cd4-aa9a-c51aed9608ac
itz_fuse,3985d2b7-0e34-4033-a4fe-087705cac411
wpa2,7acdef09-6c49-4e8a-a005-249535d8e5d2
veikoa,0745f6c4-a312-4a91-bcea-5e8a5ce6d2a2
flutteringdeath,f7ce4cf8-e60f-41ea-82a7-3497bb343971
iraids,d37ce14b-f418-48da-920b-ff3490c2a416
puma_f,36de7d38-9dab-4ee9-bd25-314c99e340b8
st3rbenrgc,72157c15-6438-464f-9445-b63667b695ef
jaw3z,ce6ac5f4-04f0-48d2-9e58-64866d02ef80
posibility,e3359201-053b-47bb-9bf6-b9b9dc043a61
sinisterx,772c55c9-6200-4a9d-8d9f-ef0282a41ae7
vivzie,0cbd1494-f288-4912-a49a-fcaffc0e0629
gebradenkip05,7050a01f-041a-4ebf-b875-34c753606715
sentientfungus,cab5cf9c-4fb7-414c-864a-808c95ab0c80
qwayaciik,ff85caa5-3d6d-4247-b446-90448e57bc81
chainreacted,ea304f8b-fd97-4dd3-8aca-abc2e5e7be4b
tqmpon_,edfb2163-52db-43f4-a88b-687831e25440
commanderhb,11d006f8-1fd5-4b5d-8744-e1f6324d5668
pensiive_,9ccdc68f-affa-4d47-acab-6f7e2b4724a5
abuabu22,ff8eccaf-2d09-431f-aea5-50682c9576e0
archdemone,1833d463-d116-41c3-8a23-585a243a73d7
imjarhed,a0369626-0edc-426b-869a-4ab28fa8aaf3
sorax_20,15afc3d6-4dcf-4ae1-8bb6-454a35c38891
sqittles132,e21c9ea7-cfcf-42ff-9731-ce81d94d1ea9
pinkporky,d427d18d-499c-4cc5-a795-10681d2f6497
vanism,2c8a2b3a-a29d-4089-9b1c-391ba57b6d13
2fewchars,3457a531-17a1-4bee-86ac-a060dad65dae
literallyaaaaa,a24ba6bd-8a4c-4930-b636-c9c4856506bb
stra1z,b74674bf-db8a-47c5-b01a-e059fb4f2c72
youknowit665,5a6c9949-9010-450e-855f-1e32f1a4df22
mutedroses,e800c803-42d9-440c-960b-dc1004577bee
pokeboy1234,67b81772-1bc8-442a-9983-a41244a5e8e4
epicminer411,355d46c8-73c6-4a62-b818-693df903e2c5
bananacrusherpvp,49806427-42b1-4b1c-823a-0876884fdaca
crustee_tim,28d06cf6-c774-482d-949c-82ff2aec569c
dardahlot,24814859-6a43-4df7-9854-91ae352ab796
harveycreeperkil,20b0863d-1d7a-495c-87e1-866b2adc1a6e
rubenb07,dfd5dc86-efc0-4275-90c9-14694623fde1
ruviaxxx,4a7b58fc-e9ef-41c7-b7b5-5ebf3d4b5e29
hascar,e1040266-4a66-4889-b95e-0055f363c532
lethalluck,683f07c4-09ca-4f74-914e-72ebed663e39
xmotherjessx,d92abd60-f7f9-46ac-aadc-80022bbe3c40
